id,first_name,last_name,email,gender,mobile_number
1,Marleah,Fleisch,mfleisch0@arstechnica.com,Female,+63 648 489 2699
2,Cesaro,Berrycloth,cberrycloth1@amazon.co.uk,Male,+46 565 658 6700
3,Gib,Barden,gbarden2@mapy.cz,Male,+260 287 812 2914
4,Austin,Origan,aorigan3@smugmug.com,Female,+380 236 678 4078
5,Lizbeth,Penas,lpenas4@unblog.fr,Female,+63 811 548 0210
6,Chandal,Cleyburn,ccleyburn5@thetimes.co.uk,Female,+84 450 576 3963
7,Hirsch,Edinburgh,hedinburgh6@jimdo.com,Male,+33 131 481 3593
8,Hermon,Denes,hdenes7@washingtonpost.com,Male,+92 118 999 7528
9,Faber,Madelin,fmadelin8@quantcast.com,Male,+81 574 751 3504
10,Lidia,Fomichkin,lfomichkin9@clickbank.net,Female,+52 765 158 6856
11,Rusty,Bielfeldt,rbielfeldta@omniture.com,Male,+962 382 204 3902
12,Davina,Tremeer,dtremeerb@uol.com.br,Female,+380 853 315 2644
13,Zuzana,Cohalan,zcohalanc@gmpg.org,Female,+84 846 498 8333
14,Jamie,Abbets,jabbetsd@springer.com,Male,+63 881 105 6802
15,Vivi,Neate,vneatee@123-reg.co.uk,Female,+7 110 355 3324
16,Stirling,Chittey,schitteyf@51.la,Male,+62 690 506 3049
17,Salome,Messingham,smessinghamg@apache.org,Female,+62 708 288 8927
18,Renado,Darwen,rdarwenh@purevolume.com,Male,+1 813 607 0913
19,Reinhard,Grundy,rgrundyi@miibeian.gov.cn,Male,+86 323 325 9297
20,Augie,Honack,ahonackj@rakuten.co.jp,Male,+62 337 460 5665
21,Maurits,Madsen,mmadsenk@nbcnews.com,Male,+1 775 252 5335
22,Tilda,Cescoti,tcescotil@scientificamerican.com,Female,+374 756 592 9311
23,Solomon,Chidgey,schidgeym@pcworld.com,Male,+351 445 888 4446
24,Cindie,Heasley,cheasleyn@zdnet.com,Female,+1 883 640 9949
25,Garvin,Rawlins,grawlinso@skyrock.com,Male,+62 412 712 0768
26,Federico,Beyne,fbeynep@cbslocal.com,Male,+55 578 553 0268
27,Fletcher,Fidgett,ffidgettq@nps.gov,Male,+961 868 627 0705
28,Brigitte,O'Kerin,bokerinr@xrea.com,Female,+7 679 462 7702
29,Florrie,Klaassens,fklaassenss@reverbnation.com,Female,+86 477 448 1184
30,Matty,Colicot,mcolicott@dyndns.org,Male,+86 167 343 6305
31,Neile,Grimwade,ngrimwadeu@lulu.com,Female,+63 133 293 2615
32,Haley,Wadlow,hwadlowv@ehow.com,Male,+20 756 779 3002
33,Wilona,Bloan,wbloanw@weather.com,Female,+7 228 841 6862
34,Ginger,Bedding,gbeddingx@constantcontact.com,Female,+234 187 341 2946
35,Torin,Braime,tbraimey@elpais.com,Male,+86 948 358 4939
36,Freddy,Punyer,fpunyerz@homestead.com,Male,+63 969 245 2092
37,Ellen,Havercroft,ehavercroft10@earthlink.net,Female,+48 912 161 7304
38,Calida,Hexam,chexam11@google.pl,Female,+7 385 372 6591
39,Worth,Niblo,wniblo12@howstuffworks.com,Male,+420 410 685 5042
40,Joli,Yirrell,jyirrell13@prweb.com,Female,+7 659 636 7837
41,Joe,O'Brogane,jobrogane14@ca.gov,Male,+60 455 844 2208
42,Hershel,Youell,hyouell15@fastcompany.com,Male,+51 152 166 8317
43,Benjamen,Kunz,bkunz16@flickr.com,Male,+51 446 630 9361
44,Genevieve,Impey,gimpey17@geocities.jp,Female,+380 577 380 4785
45,Had,McNab,hmcnab18@lulu.com,Male,+48 279 611 5819
46,Fredrika,Parfitt,fparfitt19@marriott.com,Female,+7 789 279 8783
47,Guenna,Purcell,gpurcell1a@blogtalkradio.com,Female,+351 920 113 4598
48,Gibby,Clist,gclist1b@omniture.com,Male,+63 255 188 5750
49,Gaspard,Eldered,geldered1c@dedecms.com,Male,+62 841 654 2634
50,Homerus,Klos,hklos1d@bloomberg.com,Male,+86 796 582 3306
51,Archie,Nanelli,ananelli1e@comcast.net,Male,+51 827 536 3394
52,Anneliese,Krystof,akrystof1f@symantec.com,Female,+387 398 635 9197
53,Gerardo,Bravey,gbravey1g@altervista.org,Male,+86 171 999 3380
54,Malachi,Abercromby,mabercromby1h@desdev.cn,Male,+62 987 789 9497
55,Christabel,Willoughey,cwilloughey1i@about.com,Female,+7 191 699 0807
56,Lorette,Fevers,lfevers1j@angelfire.com,Female,+86 510 984 5000
57,Eve,Stoop,estoop1k@archive.org,Female,+380 921 893 2860
58,Hendrika,Currum,hcurrum1l@google.es,Female,+850 162 856 4049
59,Nedi,D'Ambrosi,ndambrosi1m@wiley.com,Female,+66 526 858 7259
60,Royal,Ferreres,rferreres1n@army.mil,Male,+63 794 794 2525
61,Waring,Yakovitch,wyakovitch1o@time.com,Male,+269 897 786 6261
62,Teodor,Tarbett,ttarbett1p@mapquest.com,Male,+86 977 849 7916
63,Dewain,Hilhouse,dhilhouse1q@indiatimes.com,Male,+63 587 363 3113
64,Yance,Seago,yseago1r@blogger.com,Male,+55 977 847 2486
65,Darya,Summons,dsummons1s@lycos.com,Female,+62 551 263 9123
66,Eli,Scad,escad1t@ucsd.edu,Male,+7 579 301 6402
67,Gaby,Zorzini,gzorzini1u@usnews.com,Female,+94 343 828 3629
68,Roderic,Pichmann,rpichmann1v@redcross.org,Male,+386 153 162 5285
69,Ricoriki,Sasser,rsasser1w@goo.gl,Male,+33 130 905 2311
70,Waylin,Haydn,whaydn1x@dell.com,Male,+66 499 590 7970
71,Jimmie,Leifer,jleifer1y@biblegateway.com,Male,+66 750 630 4341
72,Jarid,Victor,jvictor1z@nyu.edu,Male,+359 144 374 1396
73,Vanessa,Antoszczyk,vantoszczyk20@mit.edu,Female,+54 947 807 0148
74,Georg,Acome,gacome21@youku.com,Male,+237 701 298 6460
75,Aloin,Zapata,azapata22@liveinternet.ru,Male,+86 837 173 9475
76,Winifield,Dimond,wdimond23@ycombinator.com,Male,+977 322 388 6801
77,Gregoor,Golsthorp,ggolsthorp24@newsvine.com,Male,+46 636 230 8935
78,Sher,La Batie,slabatie25@stanford.edu,Female,+260 807 813 6075
79,Alyosha,Emmanuele,aemmanuele26@123-reg.co.uk,Male,+55 311 492 3598
80,Prue,Mallaby,pmallaby27@blogtalkradio.com,Female,+48 424 618 4950
81,Emory,Lubomirski,elubomirski28@ucsd.edu,Male,+51 874 516 5908
82,Paul,Surr,psurr29@exblog.jp,Male,+1 533 631 8797
83,Quintus,Olczak,qolczak2a@virginia.edu,Male,+86 823 504 7164
84,Raimund,Maylam,rmaylam2b@aol.com,Male,+972 459 142 7015
85,Rutter,Mound,rmound2c@vistaprint.com,Male,+254 619 446 0566
86,Dieter,Cogle,dcogle2d@google.com.au,Male,+86 888 386 4337
87,Adora,Scalera,ascalera2e@csmonitor.com,Female,+33 853 871 2656
88,Cheryl,Freshwater,cfreshwater2f@ebay.co.uk,Female,+86 761 985 2003
89,Andres,Jacketts,ajacketts2g@cam.ac.uk,Male,+62 347 130 3728
90,Amity,Melley,amelley2h@drupal.org,Female,+86 173 641 6496
91,Lorry,Thunnercliff,lthunnercliff2i@mapquest.com,Female,+46 859 490 9298
92,Jerome,Ditt,jditt2j@nhs.uk,Male,+66 888 829 6021
93,Wenona,Grogono,wgrogono2k@mozilla.org,Female,+63 746 780 2547
94,Putnem,Monkeman,pmonkeman2l@state.gov,Male,+92 509 101 1258
95,Keene,Gajewski,kgajewski2m@elpais.com,Male,+371 342 574 7473
96,Roxine,Honisch,rhonisch2n@friendfeed.com,Female,+62 485 218 9439
97,Ashleigh,Sivyer,asivyer2o@omniture.com,Female,+381 656 847 3781
98,Edmund,Starsmeare,estarsmeare2p@booking.com,Male,+976 942 257 0892
99,Valaria,Mabbot,vmabbot2q@economist.com,Female,+351 266 955 0493
100,Ches,Aronovich,caronovich2r@java.com,Male,+86 958 177 0311
101,Iorgos,Carff,icarff2s@timesonline.co.uk,Male,+86 216 651 1287
102,Isac,Exton,iexton2t@sfgate.com,Male,+63 135 744 7763
103,Joycelin,Burgane,jburgane2u@prlog.org,Female,+62 810 189 9678
104,Elaine,Ausello,eausello2v@scribd.com,Female,+86 934 299 3185
105,Udale,Shillabeare,ushillabeare2w@answers.com,Male,+98 549 223 8824
106,Godard,Joynes,gjoynes2x@npr.org,Male,+46 702 134 1861
107,Danette,Rhyme,drhyme2y@msn.com,Female,+965 885 968 1023
108,Deane,Armiger,darmiger2z@blinklist.com,Male,+63 882 475 1179
109,Sarita,Dubarry,sdubarry30@macromedia.com,Female,+62 910 245 2600
110,Loralee,Dimanche,ldimanche31@cam.ac.uk,Female,+63 352 399 2268
111,Jeramie,Doerren,jdoerren32@opensource.org,Male,+86 528 860 2367
112,Gregor,Valasek,gvalasek33@phpbb.com,Male,+261 138 479 5611
113,Rubina,Just,rjust34@dailymail.co.uk,Female,+62 839 919 8344
114,Bing,Souch,bsouch35@ihg.com,Male,+84 595 354 3448
115,Michael,Putson,mputson36@histats.com,Male,+86 804 219 1434
116,Kendall,Skelton,kskelton37@bigcartel.com,Male,+234 607 627 3856
117,Shay,Kasparski,skasparski38@toplist.cz,Male,+387 610 961 6337
118,Evaleen,Hebburn,ehebburn39@hao123.com,Female,+62 199 950 7405
119,Regen,Harcombe,rharcombe3a@tinyurl.com,Male,+212 179 764 2893
120,Fairlie,Masey,fmasey3b@squarespace.com,Male,+86 573 371 2296
121,Wilfrid,Markwell,wmarkwell3c@ameblo.jp,Male,+57 698 214 8305
122,Tanitansy,Khoter,tkhoter3d@squidoo.com,Female,+93 452 463 1925
123,Deana,Steuart,dsteuart3e@booking.com,Female,+86 140 672 8217
124,Alfred,Everton,aeverton3f@posterous.com,Male,+86 582 330 9509
125,Jobyna,Egar,jegar3g@wordpress.com,Female,+86 973 980 6580
126,Damiano,Bonefant,dbonefant3h@google.pl,Male,+63 483 511 8071
127,Avis,Tye,atye3i@scientificamerican.com,Female,+86 110 287 6663
128,Tybalt,Byles,tbyles3j@dagondesign.com,Male,+86 623 563 9823
129,Jarrett,Gulliman,jgulliman3k@webmd.com,Male,+351 459 269 3017
130,Camala,Falconbridge,cfalconbridge3l@wunderground.com,Female,+86 319 456 7541
131,Heddi,Franek,hfranek3m@reuters.com,Female,+33 567 141 1004
132,Sharron,Urquhart,surquhart3n@dot.gov,Female,+7 139 636 2954
133,Magdaia,Morse,mmorse3o@google.fr,Female,+86 158 871 9564
134,Lynsey,Attrey,lattrey3p@moonfruit.com,Female,+56 221 641 8327
135,Keary,Eldon,keldon3q@tinypic.com,Male,+86 578 113 2024
136,Hector,Lankester,hlankester3r@surveymonkey.com,Male,+62 616 206 4681
137,Mathilda,Pike,mpike3s@opensource.org,Female,+86 671 500 8744
138,Aguistin,Lideard,alideard3t@reverbnation.com,Male,+30 573 423 9620
139,Padget,Prowting,pprowting3u@gov.uk,Male,+53 810 891 2809
140,Trenna,Navarijo,tnavarijo3v@360.cn,Female,+374 139 959 7348
141,Mordecai,Oggers,moggers3w@google.com.au,Male,+46 361 838 2500
142,Boony,Blumire,bblumire3x@godaddy.com,Male,+66 611 530 6566
143,Trefor,Glascott,tglascott3y@hhs.gov,Male,+421 711 811 9517
144,Lina,Nono,lnono3z@google.co.uk,Female,+51 531 395 7449
145,Mateo,Probyn,mprobyn40@artisteer.com,Male,+63 255 673 9388
146,Devondra,Charlin,dcharlin41@harvard.edu,Female,+381 557 143 4700
147,Fania,Bugg,fbugg42@china.com.cn,Female,+1 501 400 0680
148,Dall,Favill,dfavill43@businessinsider.com,Male,+86 468 866 7189
149,Ardene,Trow,atrow44@list-manage.com,Female,+30 878 852 4796
150,Lisette,McEwen,lmcewen45@marketwatch.com,Female,+62 881 607 0476
151,Orazio,Field,ofield46@washingtonpost.com,Male,+1 446 908 7201
152,Arri,Standering,astandering47@wikimedia.org,Male,+381 239 552 2671
153,Sol,Stroder,sstroder48@vkontakte.ru,Male,+55 330 381 2589
154,Esteban,Purvess,epurvess49@privacy.gov.au,Male,+380 518 123 4167
155,Walker,Ida,wida4a@yale.edu,Male,+62 593 629 9841
156,Ephrayim,Meadus,emeadus4b@msn.com,Male,+351 848 422 9948
157,Suzy,St Leger,sstleger4c@slashdot.org,Female,+7 921 958 6783
158,Greggory,Wrigley,gwrigley4d@qq.com,Male,+48 962 979 8419
159,Lanae,Stanworth,lstanworth4e@123-reg.co.uk,Female,+7 461 374 3075
160,Ber,Wooffinden,bwooffinden4f@google.pl,Male,+86 100 728 0753
161,Powell,Coulton,pcoulton4g@bravesites.com,Male,+385 470 766 4010
162,Letizia,Winterton,lwinterton4h@discuz.net,Female,+7 364 933 7664
163,Normy,Ridehalgh,nridehalgh4i@xrea.com,Male,+359 627 195 0386
164,Sophia,Peakman,speakman4j@hibu.com,Female,+7 597 556 2928
165,Reuben,Storer,rstorer4k@bandcamp.com,Male,+351 429 958 7276
166,Nolly,Durbin,ndurbin4l@goo.gl,Male,+20 750 552 3264
167,Waylen,Iddons,widdons4m@ycombinator.com,Male,+48 349 509 5435
168,Jeff,Crosham,jcrosham4n@sciencedaily.com,Male,+52 859 104 6916
169,Xenia,McCutheon,xmccutheon4o@uiuc.edu,Female,+48 514 210 5438
170,Abner,Adamsky,aadamsky4p@cbslocal.com,Male,+92 913 855 6525
171,Drucy,Revance,drevance4q@wufoo.com,Female,+86 432 806 5613
172,Denny,Laise,dlaise4r@bigcartel.com,Female,+52 594 792 6950
173,Walther,Rabat,wrabat4s@infoseek.co.jp,Male,+62 987 746 2176
174,Seymour,Merlin,smerlin4t@weather.com,Male,+351 940 289 9232
175,Latia,Loxly,lloxly4u@icio.us,Female,+233 171 867 5678
176,Ives,Franceschi,ifranceschi4v@hostgator.com,Male,+7 212 345 3744
177,Jilli,Franken,jfranken4w@chicagotribune.com,Female,+62 218 827 9991
178,Geneva,Calbrathe,gcalbrathe4x@mac.com,Female,+86 935 353 0129
179,Madelene,Reaper,mreaper4y@hao123.com,Female,+420 612 486 0931
180,Shawnee,Alleburton,salleburton4z@adobe.com,Female,+351 454 158 4941
181,Carce,Torbet,ctorbet50@mlb.com,Male,+63 238 816 3386
182,Aimil,Bamborough,abamborough51@washingtonpost.com,Female,+962 588 350 6435
183,Eadmund,Dales,edales52@skype.com,Male,+86 398 327 7372
184,Joellyn,Bellam,jbellam53@globo.com,Female,+964 188 648 0505
185,Vida,Cescot,vcescot54@flavors.me,Female,+86 204 366 2884
186,Bibby,Draayer,bdraayer55@mysql.com,Female,+33 324 822 2175
187,Leon,Nibley,lnibley56@sun.com,Male,+93 338 768 0990
188,Lonna,Trowler,ltrowler57@about.com,Female,+62 999 964 6466
189,Christopher,Gatland,cgatland58@economist.com,Male,+86 831 752 0710
190,Chryste,Mays,cmays59@narod.ru,Female,+44 712 271 6700
191,Clerissa,Ghione,cghione5a@foxnews.com,Female,+380 228 690 5917
192,Dulcinea,Teligin,dteligin5b@eepurl.com,Female,+358 384 232 4958
193,Antonin,Killby,akillby5c@ucsd.edu,Male,+381 742 431 9981
194,Valry,Baumer,vbaumer5d@foxnews.com,Female,+7 213 463 5997
195,Davey,Mallatratt,dmallatratt5e@blinklist.com,Male,+1 643 132 8308
196,Rowen,Hupka,rhupka5f@diigo.com,Male,+62 661 620 3623
197,Kamillah,Polino,kpolino5g@chron.com,Female,+86 596 396 4352
198,Korella,Giddens,kgiddens5h@examiner.com,Female,+1 888 505 8853
199,Arnoldo,Birtwisle,abirtwisle5i@deliciousdays.com,Male,+27 532 849 5010
200,Valle,Giggie,vgiggie5j@e-recht24.de,Male,+86 476 344 8608
201,Dicky,Tavner,dtavner5k@discovery.com,Male,+7 398 998 3423
202,Wilbur,Lanfer,wlanfer5l@bravesites.com,Male,+86 602 712 6689
203,Ileana,Ogers,iogers5m@cam.ac.uk,Female,+86 467 862 9475
204,Ervin,Ottery,eottery5n@yahoo.co.jp,Male,+51 554 630 2178
205,Fernande,Lawles,flawles5o@toplist.cz,Female,+86 709 310 7630
206,Avril,Trickey,atrickey5p@harvard.edu,Female,+48 670 860 2481
207,Leandra,Lavallie,llavallie5q@unblog.fr,Female,+970 291 671 5341
208,Masha,Anstie,manstie5r@reuters.com,Female,+7 720 270 2446
209,Teddie,O'Sharry,tosharry5s@apple.com,Male,+48 393 189 8307
210,Carolann,Turton,cturton5t@freewebs.com,Female,+30 598 926 0451
211,Odo,Swarbrick,oswarbrick5u@guardian.co.uk,Male,+58 699 244 5963
212,Hart,Maffioni,hmaffioni5v@reddit.com,Male,+62 933 560 6475
213,Callie,Varrow,cvarrow5w@dmoz.org,Female,+1 847 556 8633
214,Wynn,Botler,wbotler5x@odnoklassniki.ru,Male,+7 168 376 1707
215,Floria,Krimmer,fkrimmer5y@fda.gov,Female,+7 555 583 4721
216,Theodosia,Churching,tchurching5z@themeforest.net,Female,+63 990 259 2836
217,Neille,Renvoise,nrenvoise60@economist.com,Female,+420 136 763 3447
218,Dorian,Itchingham,ditchingham61@reddit.com,Male,+86 909 506 9040
219,Chrissy,Runcie,cruncie62@studiopress.com,Female,+1 485 702 1036
220,Archy,Roglieri,aroglieri63@usnews.com,Male,+86 580 453 6084
221,Constantin,Plinck,cplinck64@businessweek.com,Male,+86 554 791 8820
222,Goldi,Parram,gparram65@nymag.com,Female,+358 357 951 1982
223,Jesus,Orpen,jorpen66@so-net.ne.jp,Male,+62 507 383 3191
224,Mile,Bromet,mbromet67@flickr.com,Male,+86 822 235 2028
225,Brenna,Gillbanks,bgillbanks68@pbs.org,Female,+86 598 679 6289
226,Karlis,Tankus,ktankus69@nbcnews.com,Male,+66 586 170 0251
227,Dinny,Ineson,dineson6a@wufoo.com,Female,+86 875 291 9237
228,Trip,Kibel,tkibel6b@imgur.com,Male,+380 977 764 6579
229,Shannen,Neward,sneward6c@sciencedaily.com,Female,+86 800 233 0133
230,Abigail,Lashford,alashford6d@paginegialle.it,Female,+358 591 206 0924
231,Fiann,Sansbury,fsansbury6e@bandcamp.com,Female,+55 160 118 6113
232,Edlin,Whellans,ewhellans6f@ifeng.com,Male,+62 227 804 1465
233,Shep,Joyner,sjoyner6g@scribd.com,Male,+62 488 919 2883
234,Tessy,Cobon,tcobon6h@pen.io,Female,+420 102 290 1841
235,Beauregard,Gask,bgask6i@washington.edu,Male,+86 801 199 9220
236,Laverne,Gaize,lgaize6j@columbia.edu,Female,+380 187 905 1066
237,Morganne,Farrears,mfarrears6k@go.com,Female,+998 944 265 1640
238,Sheela,Feavers,sfeavers6l@weebly.com,Female,+1 334 648 7583
239,Emogene,Doleman,edoleman6m@flickr.com,Female,+86 275 875 2411
240,Jordan,Randalson,jrandalson6n@hubpages.com,Female,+30 305 909 9815
241,Hayley,Rexworthy,hrexworthy6o@arizona.edu,Female,+420 894 768 4459
242,Jareb,Frood,jfrood6p@washingtonpost.com,Male,+84 228 277 6071
243,Jimmie,Huff,jhuff6q@columbia.edu,Male,+502 101 853 4539
244,Joaquin,Rutherfoord,jrutherfoord6r@businessinsider.com,Male,+7 543 249 4468
245,Hartley,Pocklington,hpocklington6s@cornell.edu,Male,+86 160 643 6180
246,Sheila-kathryn,Lamlin,slamlin6t@nifty.com,Female,+56 947 653 0281
247,Allen,Medford,amedford6u@yahoo.co.jp,Male,+216 593 881 6036
248,Arty,Imesson,aimesson6v@disqus.com,Male,+351 872 656 4453
249,Alina,Huett,ahuett6w@icio.us,Female,+49 848 794 7068
250,Erastus,Awin,eawin6x@go.com,Male,+95 846 169 6536
251,Sascha,Bartoleyn,sbartoleyn6y@rediff.com,Male,+351 615 890 3134
252,Julietta,Mapham,jmapham6z@marketwatch.com,Female,+1 671 688 0244
253,Gonzalo,Featherston,gfeatherston70@histats.com,Male,+86 732 957 3914
254,Betsy,Tomasi,btomasi71@archive.org,Female,+63 185 329 4311
255,Ofelia,Swinnerton,oswinnerton72@bandcamp.com,Female,+86 734 512 6816
256,Svend,Edeson,sedeson73@who.int,Male,+55 752 569 6475
257,Celestyn,McCool,cmccool74@toplist.cz,Female,+55 640 946 7635
258,Armstrong,Gleave,agleave75@marriott.com,Male,+7 239 812 8954
259,Cassondra,McNair,cmcnair76@irs.gov,Female,+62 391 658 9644
260,Royall,Caramuscia,rcaramuscia77@unesco.org,Male,+62 383 740 2081
261,Porter,Harrisson,pharrisson78@creativecommons.org,Male,+232 909 286 0443
262,Carolan,Winsom,cwinsom79@meetup.com,Female,+95 531 580 3927
263,Alvie,Komorowski,akomorowski7a@patch.com,Male,+370 311 123 4452
264,Humberto,Van der Veldt,hvanderveldt7b@dropbox.com,Male,+351 574 621 2973
265,Celestina,Paggitt,cpaggitt7c@twitpic.com,Female,+63 475 626 2364
266,Christye,Hannond,channond7d@weibo.com,Female,+92 767 310 2187
267,Adelle,Vedeneev,avedeneev7e@odnoklassniki.ru,Female,+386 947 430 0530
268,Bernadette,Vasyutichev,bvasyutichev7f@mapquest.com,Female,+1 961 138 3031
269,Celesta,Nussen,cnussen7g@nhs.uk,Female,+63 692 381 9567
270,Clayborn,Dampney,cdampney7h@angelfire.com,Male,+51 473 170 4814
271,Larry,Djorvic,ldjorvic7i@cisco.com,Male,+86 901 161 6237
272,Bernadina,Sheehan,bsheehan7j@bloglines.com,Female,+86 535 183 0516
273,Nestor,Kyston,nkyston7k@bbc.co.uk,Male,+7 761 696 1268
274,Edlin,Lipmann,elipmann7l@meetup.com,Male,+212 385 900 9887
275,Luella,Klimus,lklimus7m@constantcontact.com,Female,+51 844 260 2203
276,Ludovico,Wycherley,lwycherley7n@taobao.com,Male,+63 486 714 1404
277,Brittaney,Rubinsohn,brubinsohn7o@chicagotribune.com,Female,+389 689 675 6501
278,Ulrika,Nutting,unutting7p@home.pl,Female,+86 542 233 2226
279,Duncan,Cankett,dcankett7q@statcounter.com,Male,+86 859 161 4524
280,Zorine,Rosenfelder,zrosenfelder7r@java.com,Female,+62 927 203 1551
281,Guillaume,Rossoni,grossoni7s@aboutads.info,Male,+355 205 516 2442
282,Valida,Freeburn,vfreeburn7t@cnbc.com,Female,+7 735 582 3561
283,Cece,Eason,ceason7u@tripod.com,Male,+385 561 724 6056
284,Gerick,Mingo,gmingo7v@livejournal.com,Male,+46 426 753 0808
285,Cassandra,Flamank,cflamank7w@homestead.com,Female,+86 292 684 3343
286,Bobinette,Ayrs,bayrs7x@typepad.com,Female,+230 262 570 0087
287,Jammal,Kenyam,jkenyam7y@howstuffworks.com,Male,+62 876 286 4476
288,Viola,Featley,vfeatley7z@about.com,Female,+261 155 799 3113
289,Noak,Turnock,nturnock80@friendfeed.com,Male,+237 380 813 4317
290,Haleigh,Wandrey,hwandrey81@upenn.edu,Male,+387 732 738 6267
291,Catlee,Caldero,ccaldero82@eventbrite.com,Female,+62 581 824 2437
292,Jecho,Bottomore,jbottomore83@netlog.com,Male,+86 465 287 3263
293,Nonnah,Morit,nmorit84@domainmarket.com,Female,+966 597 936 3247
294,Althea,Shaul,ashaul85@apache.org,Female,+86 757 207 8046
295,Shepard,Casina,scasina86@posterous.com,Male,+234 394 941 4556
296,Clevey,Rubinchik,crubinchik87@sbwire.com,Male,+86 426 230 2275
297,Virginia,Proctor,vproctor88@ftc.gov,Female,+237 204 391 9837
298,Salomo,Ayree,sayree89@huffingtonpost.com,Male,+51 402 298 9997
299,Nelie,Luebbert,nluebbert8a@indiatimes.com,Female,+33 832 196 2127
300,Hillery,Doudny,hdoudny8b@nature.com,Male,+86 360 427 3296
301,Stanley,Hawken,shawken8c@phoca.cz,Male,+257 225 510 3694
302,Gustave,Penrose,gpenrose8d@digg.com,Male,+86 368 121 8020
303,Gerhardine,Shobrook,gshobrook8e@cloudflare.com,Female,+86 838 882 1980
304,Moria,Poveleye,mpoveleye8f@independent.co.uk,Female,+81 686 123 6110
305,Agustin,Graveson,agraveson8g@ca.gov,Male,+62 165 996 5089
306,Garrick,Hathorn,ghathorn8h@mapquest.com,Male,+86 417 892 4387
307,Bette,Twiggs,btwiggs8i@newsvine.com,Female,+359 902 211 2639
308,Raynard,Komorowski,rkomorowski8j@fema.gov,Male,+1 708 639 6076
309,Shalna,Grievson,sgrievson8k@edublogs.org,Female,+7 144 312 8883
310,Byrann,Jenno,bjenno8l@devhub.com,Male,+63 691 263 1936
311,Charles,Balhatchet,cbalhatchet8m@g.co,Male,+47 941 460 1128
312,Stephannie,Lebond,slebond8n@paypal.com,Female,+63 188 951 4148
313,Hadleigh,Blowfelde,hblowfelde8o@vistaprint.com,Male,+86 962 203 0509
314,Sigismond,Figge,sfigge8p@123-reg.co.uk,Male,+86 175 462 5576
315,Arturo,Tale,atale8q@time.com,Male,+966 237 333 2361
316,Abba,Gilpillan,agilpillan8r@yellowbook.com,Male,+63 981 809 4624
317,Hedwig,Mabb,hmabb8s@nytimes.com,Female,+55 194 343 2446
318,Ariadne,Kelwick,akelwick8t@sohu.com,Female,+86 430 939 3197
319,Edee,Hamblin,ehamblin8u@huffingtonpost.com,Female,+62 362 934 7846
320,Karoline,Fotheringham,kfotheringham8v@exblog.jp,Female,+62 203 515 8269
321,Lilyan,Glendzer,lglendzer8w@51.la,Female,+48 895 765 2550
322,Giralda,Tinman,gtinman8x@nydailynews.com,Female,+251 620 320 7698
323,Roderick,Bladesmith,rbladesmith8y@tinypic.com,Male,+380 531 550 7796
324,Shaine,Wincom,swincom8z@rakuten.co.jp,Female,+1 806 624 5643
325,Ignatius,Lesek,ilesek90@un.org,Male,+86 978 589 3167
326,Guntar,Yarmouth,gyarmouth91@earthlink.net,Male,+1 832 928 4631
327,Moira,Bleas,mbleas92@forbes.com,Female,+7 203 449 4257
328,Alexina,Junkinson,ajunkinson93@g.co,Female,+48 706 251 2547
329,Dylan,Brimacombe,dbrimacombe94@utexas.edu,Male,+245 719 896 1999
330,Willie,Paulin,wpaulin95@linkedin.com,Male,+976 141 214 4641
331,Veronica,Skudder,vskudder96@usgs.gov,Female,+420 884 983 1004
332,Kandy,Depke,kdepke97@ovh.net,Female,+62 663 755 7481
333,Hurlee,Maxsted,hmaxsted98@usnews.com,Male,+46 583 977 6892
334,Bernardine,Housiaux,bhousiaux99@printfriendly.com,Female,+54 150 232 3336
335,Federico,MacIlriach,fmacilriach9a@cargocollective.com,Male,+358 928 915 5324
336,Ruben,Goldby,rgoldby9b@who.int,Male,+86 695 173 3118
337,Chancey,Geraldi,cgeraldi9c@istockphoto.com,Male,+967 133 446 9855
338,Berenice,Linskill,blinskill9d@blogspot.com,Female,+86 930 272 4451
339,Anny,Dagnall,adagnall9e@gmpg.org,Female,+351 897 234 0955
340,Dirk,Arntzen,darntzen9f@mysql.com,Male,+30 946 584 3080
341,Lon,Venny,lvenny9g@4shared.com,Male,+51 811 654 7885
342,Mathias,Ablett,mablett9h@tmall.com,Male,+998 449 480 0384
343,Orion,Billyeald,obillyeald9i@artisteer.com,Male,+81 634 285 5902
344,Cory,Stenners,cstenners9j@privacy.gov.au,Male,+7 526 277 1932
345,Christi,McCorkell,cmccorkell9k@odnoklassniki.ru,Female,+86 345 822 4891
346,Jim,Coit,jcoit9l@jimdo.com,Male,+82 160 748 0756
347,Emelina,Clink,eclink9m@theatlantic.com,Female,+225 304 632 6129
348,Franny,Piper,fpiper9n@xinhuanet.com,Female,+351 400 176 9749
349,Izak,Hucklesby,ihucklesby9o@ustream.tv,Male,+49 216 620 5040
350,Chicky,Sheeran,csheeran9p@samsung.com,Female,+216 423 409 6354
351,Sandro,Baldery,sbaldery9q@sbwire.com,Male,+62 265 859 6544
352,Belle,Atte-Stone,battestone9r@nhs.uk,Female,+49 272 356 7642
353,Olia,Ling,oling9s@theatlantic.com,Female,+63 800 440 0391
354,Ferris,Jorissen,fjorissen9t@bandcamp.com,Male,+86 602 126 4987
355,Jo,Dominec,jdominec9u@elegantthemes.com,Male,+63 597 662 8921
356,Maurene,Roocroft,mroocroft9v@va.gov,Female,+86 612 827 6060
357,Mackenzie,Fassum,mfassum9w@aboutads.info,Male,+86 682 296 1844
358,Consuela,Kenealy,ckenealy9x@soundcloud.com,Female,+27 737 299 8812
359,Dee dee,Rignall,drignall9y@unesco.org,Female,+7 660 292 7224
360,Derby,Gullefant,dgullefant9z@narod.ru,Male,+86 958 949 0950
361,Izzy,Carrel,icarrela0@nymag.com,Male,+46 486 742 3128
362,Nadya,Caulket,ncaulketa1@vistaprint.com,Female,+962 436 643 0788
363,Cazzie,Nevison,cnevisona2@webnode.com,Male,+86 722 166 4599
364,Mic,Goodhall,mgoodhalla3@umich.edu,Male,+30 670 793 4371
365,Vaclav,Cheyenne,vcheyennea4@tamu.edu,Male,+30 202 950 3331
366,Denys,Middlemiss,dmiddlemissa5@feedburner.com,Male,+7 219 480 5887
367,Lamar,Storcke,lstorckea6@unblog.fr,Male,+86 420 988 6105
368,Merrie,Waddilove,mwaddilovea7@free.fr,Female,+57 106 883 2760
369,Yorgo,Vinter,yvintera8@arizona.edu,Male,+86 664 904 3654
370,Francene,Ovill,fovilla9@gizmodo.com,Female,+86 257 328 5607
371,Darla,Plaistowe,dplaistoweaa@cyberchimps.com,Female,+420 253 620 9511
372,Jen,McCay,jmccayab@nydailynews.com,Female,+86 426 691 5351
373,Jacklyn,Jager,jjagerac@engadget.com,Female,+353 642 479 5058
374,Karol,Pennicott,kpennicottad@gov.uk,Female,+886 810 486 7366
375,Arny,Haberfield,ahaberfieldae@wisc.edu,Male,+7 653 191 7161
376,Cesya,Ogan,coganaf@wiley.com,Female,+1 323 564 7886
377,Selie,Lissemore,slissemoreag@hud.gov,Female,+48 335 958 1836
378,Pier,Hallard,phallardah@facebook.com,Female,+86 981 693 1202
379,Milena,Tschierasche,mtschierascheai@webeden.co.uk,Female,+1 939 510 9424
380,Lindon,Haggie,lhaggieaj@facebook.com,Male,+380 572 467 9453
381,Nance,Dunlap,ndunlapak@nba.com,Female,+385 543 200 1793
382,Sutton,Jako,sjakoal@globo.com,Male,+98 493 835 6308
383,Bennie,Tipling,btiplingam@bravesites.com,Male,+63 882 746 2539
384,Emlyn,Farry,efarryan@ucoz.com,Female,+63 993 394 6612
385,Letty,Santen,lsantenao@tinypic.com,Female,+62 383 557 9991
386,Jeremy,Crummy,jcrummyap@wsj.com,Male,+86 760 816 4010
387,Cozmo,Naisbet,cnaisbetaq@sina.com.cn,Male,+420 401 875 6713
388,Romonda,MacNeil,rmacneilar@google.com.hk,Female,+86 440 500 5587
389,Bette-ann,Cisland,bcislandas@tripadvisor.com,Female,+86 382 124 4340
390,Jarrad,Aphale,japhaleat@google.ca,Male,+970 569 383 7284
391,Shelley,Flecknoe,sflecknoeau@myspace.com,Male,+86 564 392 3833
392,Flinn,Ybarra,fybarraav@hud.gov,Male,+54 253 466 2901
393,Sigismondo,Patkin,spatkinaw@youtu.be,Male,+244 171 964 0262
394,Penrod,Sor,psorax@slashdot.org,Male,+380 245 120 0925
395,Fabe,Robertis,frobertisay@addtoany.com,Male,+86 902 371 0152
396,Clemens,Suttling,csuttlingaz@house.gov,Male,+55 647 771 5119
397,Erastus,Tyreman,etyremanb0@statcounter.com,Male,+420 814 736 7734
398,Berkeley,Orwin,borwinb1@comsenz.com,Male,+63 375 454 4369
399,Katherine,Botha,kbothab2@mapy.cz,Female,+7 177 200 3480
400,Atalanta,Gert,agertb3@army.mil,Female,+86 110 180 3961
401,Regan,Brookfield,rbrookfieldb4@omniture.com,Male,+86 850 734 0593
402,Cecil,Pharro,cpharrob5@nps.gov,Male,+1 674 865 0884
403,Ara,Baitson,abaitsonb6@yellowbook.com,Female,+33 663 766 3377
404,Mahmud,Pennino,mpenninob7@google.com.au,Male,+86 576 185 7660
405,Linn,Otridge,lotridgeb8@ezinearticles.com,Male,+63 656 374 5361
406,Britte,Mardell,bmardellb9@businessinsider.com,Female,+381 626 294 5340
407,Rahal,Greensmith,rgreensmithba@upenn.edu,Female,+86 902 563 1542
408,Peggie,Daybell,pdaybellbb@freewebs.com,Female,+964 454 715 4631
409,Farah,Dakin,fdakinbc@list-manage.com,Female,+48 829 553 4710
410,Ramona,Keeting,rkeetingbd@scientificamerican.com,Female,+385 678 787 1000
411,Astrid,Cucuzza,acucuzzabe@theglobeandmail.com,Female,+86 386 271 0508
412,Phineas,Aymes,paymesbf@booking.com,Male,+55 558 899 9576
413,Wyatan,Towns,wtownsbg@dion.ne.jp,Male,+81 680 180 6744
414,Thorstein,Bartolini,tbartolinibh@reverbnation.com,Male,+237 852 118 3513
415,Enrica,Crossfeld,ecrossfeldbi@loc.gov,Female,+52 368 565 1647
416,Tedman,Chaunce,tchauncebj@youtu.be,Male,+967 902 267 3423
417,Carmelita,Water,cwaterbk@tinypic.com,Female,+261 633 580 1126
418,Wendi,Barkas,wbarkasbl@cloudflare.com,Female,+261 679 619 9356
419,Sanderson,Covey,scoveybm@sina.com.cn,Male,+992 486 276 0591
420,Kylila,Crighton,kcrightonbn@chronoengine.com,Female,+86 957 556 7879
421,Alica,Atcock,aatcockbo@taobao.com,Female,+86 662 361 4628
422,Adams,Kemmons,akemmonsbp@wiley.com,Male,+380 549 500 2679
423,Julita,Pasque,jpasquebq@wikia.com,Female,+54 824 335 6513
424,Dolph,Domingues,ddominguesbr@booking.com,Male,+46 780 316 6778
425,Devlin,Westnage,dwestnagebs@themeforest.net,Male,+86 629 685 0811
426,Yolande,De Carolis,ydecarolisbt@google.ca,Female,+86 328 699 9772
427,Zeb,Riseley,zriseleybu@networkadvertising.org,Male,+212 387 834 5220
428,Danica,Pharo,dpharobv@blogger.com,Female,+593 553 980 3369
429,Jaquenetta,Yewdall,jyewdallbw@auda.org.au,Female,+86 360 724 3671
430,Suellen,Malafe,smalafebx@umich.edu,Female,+86 603 892 7957
431,Norene,Huthart,nhuthartby@si.edu,Female,+53 393 454 9617
432,Ricky,Mosten,rmostenbz@infoseek.co.jp,Female,+86 769 487 0974
433,Jen,Matusson,jmatussonc0@altervista.org,Female,+374 118 158 8433
434,Nelie,Eldred,neldredc1@reuters.com,Female,+54 687 345 0155
435,Flint,Moan,fmoanc2@guardian.co.uk,Male,+86 216 654 8935
436,Jo,Conn,jconnc3@odnoklassniki.ru,Male,+46 828 204 9123
437,Sam,De Filippo,sdefilippoc4@mayoclinic.com,Female,+66 176 123 6176
438,Ciro,Rainsden,crainsdenc5@1688.com,Male,+7 881 657 7384
439,Jaye,Novacek,jnovacekc6@moonfruit.com,Male,+63 671 890 6527
440,Stillman,Mogford,smogfordc7@slate.com,Male,+86 375 902 1547
441,Chilton,Daintier,cdaintierc8@mac.com,Male,+86 923 671 4814
442,Worthy,Renahan,wrenahanc9@usnews.com,Male,+30 523 523 2142
443,Dani,Canedo,dcanedoca@360.cn,Female,+51 812 642 5010
444,Brnaby,Ivashkin,bivashkincb@artisteer.com,Male,+86 113 258 3536
445,Byrom,Atlay,batlaycc@indiatimes.com,Male,+86 496 841 6045
446,Alfi,Snasel,asnaselcd@t.co,Female,+62 224 882 1189
447,Markos,Spirit,mspiritce@wordpress.com,Male,+504 448 796 4023
448,Alis,Bleasby,ableasbycf@github.io,Female,+359 812 262 9624
449,Leland,MacAdie,lmacadiecg@amazonaws.com,Female,+48 885 104 0535
450,Verna,Crosdill,vcrosdillch@dion.ne.jp,Female,+62 831 819 4843
451,Donnie,Sebastian,dsebastianci@t-online.de,Male,+227 967 436 6264
452,Yankee,Woolmer,ywoolmercj@vistaprint.com,Male,+7 135 891 2203
453,Bertine,Bigly,bbiglyck@bigcartel.com,Female,+62 318 416 6169
454,Odille,Castane,ocastanecl@craigslist.org,Female,+33 982 370 1045
455,Keeley,Boake,kboakecm@elpais.com,Female,+380 528 650 3749
456,Damian,Diess,ddiesscn@columbia.edu,Male,+255 418 492 0758
457,Cecily,Maidment,cmaidmentco@vkontakte.ru,Female,+48 940 717 0431
458,Marthena,Wynn,mwynncp@github.com,Female,+86 661 740 1103
459,Jack,Chiles,jchilescq@printfriendly.com,Male,+251 184 545 5657
460,Griswold,Fogden,gfogdencr@tiny.cc,Male,+992 809 565 2593
461,Archy,Liddle,aliddlecs@cargocollective.com,Male,+86 100 547 4937
462,Sibelle,Baskwell,sbaskwellct@w3.org,Female,+351 188 135 9518
463,Romy,Joules,rjoulescu@home.pl,Female,+86 517 446 6154
464,Maudie,Glanton,mglantoncv@huffingtonpost.com,Female,+506 294 657 1618
465,Danica,Bernaciak,dbernaciakcw@wordpress.org,Female,+86 947 681 1608
466,Emeline,Grimsdale,egrimsdalecx@feedburner.com,Female,+234 217 188 7781
467,Chaddy,Duester,cduestercy@dmoz.org,Male,+86 836 800 6135
468,Rod,Maffiotti,rmaffiotticz@multiply.com,Male,+63 386 701 7642
469,Philomena,Prop,ppropd0@usa.gov,Female,+98 468 244 0893
470,Germayne,Walsham,gwalshamd1@soup.io,Male,+1 757 670 0365
471,Ban,Duchesne,bduchesned2@toplist.cz,Male,+62 933 715 8082
472,Em,Cracknall,ecracknalld3@omniture.com,Female,+55 821 660 4760
473,Horace,Lewins,hlewinsd4@yahoo.com,Male,+46 213 956 9533
474,Walden,Androlli,wandrollid5@globo.com,Male,+86 877 291 6837
475,Harrie,Francklyn,hfrancklynd6@ask.com,Female,+234 900 198 8190
476,Teador,Klais,tklaisd7@yale.edu,Male,+420 800 227 8482
477,Garek,Causby,gcausbyd8@live.com,Male,+86 297 689 4029
478,Phillipp,Credland,pcredlandd9@blogger.com,Male,+86 701 608 6848
479,Morgan,Claiton,mclaitonda@issuu.com,Female,+355 834 102 8661
480,Eydie,Colston,ecolstondb@blogger.com,Female,+86 558 646 0081
481,Suzann,Doulton,sdoultondc@cpanel.net,Female,+7 562 110 4640
482,Eleen,Eastham,eeasthamdd@virginia.edu,Female,+98 209 803 8629
483,Megen,Biggins,mbigginsde@example.com,Female,+7 704 112 2172
484,Ailey,Douberday,adouberdaydf@sbwire.com,Female,+55 256 768 2650
485,Pip,Ewols,pewolsdg@cdc.gov,Male,+420 120 707 0274
486,Ramsay,Spray,rspraydh@slideshare.net,Male,+66 394 120 5724
487,Hadrian,Moggan,hmoggandi@si.edu,Male,+62 353 104 5912
488,Antonie,Gaffney,agaffneydj@msu.edu,Female,+55 907 211 8751
489,Ruttger,Grossier,rgrossierdk@craigslist.org,Male,+86 906 509 6091
490,Winne,McGow,wmcgowdl@nifty.com,Female,+86 216 132 3757
491,Cherice,Harwood,charwooddm@ed.gov,Female,+352 127 279 6457
492,Derrik,Grunnill,dgrunnilldn@businessinsider.com,Male,+62 561 307 0631
493,Dario,Carey,dcareydo@shutterfly.com,Male,+62 682 523 0669
494,Aldwin,Jehan,ajehandp@engadget.com,Male,+967 180 926 2928
495,Shayne,Muckleston,smucklestondq@epa.gov,Male,+48 398 276 4409
496,Pippa,Arlidge,parlidgedr@blogs.com,Female,+51 452 143 3245
497,Fulvia,Grigoli,fgrigolids@friendfeed.com,Female,+66 249 594 9674
498,Alana,Lorimer,alorimerdt@alibaba.com,Female,+63 608 914 0855
499,Rob,Greatbach,rgreatbachdu@google.nl,Male,+86 936 727 8036
500,Randi,Chippindall,rchippindalldv@simplemachines.org,Male,+30 287 358 5813
501,Agosto,Warner,awarnerdw@cocolog-nifty.com,Male,+86 446 934 4062
502,Genni,Jouhan,gjouhandx@fastcompany.com,Female,+86 722 667 9664
503,Radcliffe,Cappineer,rcappineerdy@google.de,Male,+86 418 994 7912
504,Caprice,Bendin,cbendindz@mediafire.com,Female,+92 346 787 9431
505,Euphemia,Younie,eyouniee0@goodreads.com,Female,+63 807 302 3342
506,Madelena,Emilien,memiliene1@flavors.me,Female,+55 272 630 3402
507,Tresa,Caygill,tcaygille2@washington.edu,Female,+86 105 690 4863
508,Cale,Cliffe,ccliffee3@prlog.org,Male,+380 561 287 3776
509,Merrick,Vase,mvasee4@webs.com,Male,+62 428 624 2245
510,Farly,Undrill,fundrille5@ow.ly,Male,+86 703 594 8448
511,Sollie,Dur,sdure6@php.net,Male,+261 393 350 2970
512,Erik,Twitchett,etwitchette7@woothemes.com,Male,+86 338 658 7706
513,Banky,Curry,bcurrye8@dot.gov,Male,+385 365 823 0295
514,Marabel,Deviney,mdevineye9@newsvine.com,Female,+1 720 148 9637
515,Rip,Gerin,rgerinea@oracle.com,Male,+7 579 842 3115
516,Allene,Pendered,apenderedeb@dailymail.co.uk,Female,+86 949 308 1373
517,Menard,Darth,mdarthec@wordpress.com,Male,+62 314 924 7734
518,Padriac,Armall,parmalled@edublogs.org,Male,+86 451 815 2623
519,Thom,Rangall,trangallee@msn.com,Male,+34 696 767 3273
520,Roderic,Unger,rungeref@businesswire.com,Male,+54 420 133 8928
521,Eryn,Parnby,eparnbyeg@va.gov,Female,+86 971 322 2284
522,Trish,MacGown,tmacgowneh@godaddy.com,Female,+351 129 243 6677
523,Jessalin,Ganter,jganterei@hao123.com,Female,+7 892 552 8969
524,Amalee,Conachy,aconachyej@ocn.ne.jp,Female,+380 645 903 6370
525,Aaren,Goldspink,agoldspinkek@cmu.edu,Female,+55 235 599 3015
526,Silvie,Pays,spaysel@csmonitor.com,Female,+86 205 833 4637
527,Camila,Zuan,czuanem@si.edu,Female,+1 712 909 7845
528,Willis,Follit,wfolliten@theguardian.com,Male,+1 202 407 9080
529,Zack,Championnet,zchampionneteo@free.fr,Male,+967 482 754 0887
530,Estel,Cicchitello,ecicchitelloep@tuttocitta.it,Female,+48 176 689 0531
531,Burnaby,Sill,bsilleq@ibm.com,Male,+351 308 215 1283
532,Luella,Hindmoor,lhindmoorer@sourceforge.net,Female,+62 836 548 8101
533,Reinaldo,Andreichik,randreichikes@posterous.com,Male,+66 534 411 6760
534,Tabor,Brideoke,tbrideokeet@jalbum.net,Male,+84 600 273 0442
535,Bili,Naismith,bnaismitheu@bandcamp.com,Female,+370 399 153 9079
536,Araldo,Ruspine,aruspineev@independent.co.uk,Male,+48 410 374 4929
537,Ulises,Strathern,ustrathernew@cyberchimps.com,Male,+86 939 289 3501
538,Dorice,Isack,disackex@google.fr,Female,+967 589 225 3729
539,Jerry,Kaplan,jkaplaney@phpbb.com,Male,+55 333 486 7831
540,Chrysa,Grelak,cgrelakez@cpanel.net,Female,+380 155 902 5615
541,Sheff,Antrag,santragf0@census.gov,Male,+269 824 382 8659
542,Karrie,Yoselevitch,kyoselevitchf1@npr.org,Female,+1 314 306 5202
543,Cornelle,Livett,clivettf2@a8.net,Female,+63 211 246 9388
544,Andria,Longrigg,alongriggf3@yale.edu,Female,+55 467 485 9711
545,Karlyn,McKennan,kmckennanf4@booking.com,Female,+86 820 723 8159
546,Shaine,Hardacre,shardacref5@oakley.com,Male,+33 314 785 5081
547,Germayne,Auton,gautonf6@instagram.com,Male,+1 692 158 6691
548,Cammi,Von Der Empten,cvonderemptenf7@wiley.com,Female,+1 770 749 7763
549,Simonette,Abisetti,sabisettif8@uiuc.edu,Female,+33 551 721 4141
550,Augy,Madigan,amadiganf9@ed.gov,Male,+1 919 936 7437
551,Parsifal,Crates,pcratesfa@cdc.gov,Male,+63 476 704 0336
552,Netti,Fetherston,nfetherstonfb@techcrunch.com,Female,+972 931 930 0821
553,Imogen,Oxtiby,ioxtibyfc@fema.gov,Female,+355 424 349 6812
554,Amii,Konrad,akonradfd@macromedia.com,Female,+86 321 265 7119
555,Willi,Shadrack,wshadrackfe@cornell.edu,Male,+86 820 192 8482
556,Aggi,Mellsop,amellsopff@washington.edu,Female,+62 927 833 7368
557,Curt,Ousbie,cousbiefg@youtu.be,Male,+1 745 779 4986
558,Davita,Wymer,dwymerfh@google.it,Female,+63 597 887 7064
559,Udall,Oliveira,uoliveirafi@gov.uk,Male,+966 925 912 8159
560,Pauletta,Mowen,pmowenfj@wordpress.com,Female,+86 293 526 4203
561,Bel,Lukock,blukockfk@cbc.ca,Female,+86 641 216 5621
562,Lorant,Alywen,lalywenfl@adobe.com,Male,+48 636 823 5045
563,Greta,Gildea,ggildeafm@phoca.cz,Female,+92 522 932 8607
564,Tristam,Johns,tjohnsfn@apache.org,Male,+55 875 404 3541
565,Enoch,Vondrasek,evondrasekfo@goo.ne.jp,Male,+86 262 923 6790
566,Fabien,Gruby,fgrubyfp@washingtonpost.com,Male,+63 983 623 3487
567,Dacia,Shall,dshallfq@dagondesign.com,Female,+351 800 940 5968
568,Fabian,Caulder,fcaulderfr@ehow.com,Male,+55 847 572 5955
569,Dewey,Lebbon,dlebbonfs@webmd.com,Male,+7 635 464 5434
570,Garret,Marchington,gmarchingtonft@chronoengine.com,Male,+51 887 602 1914
571,Field,Starsmore,fstarsmorefu@cbc.ca,Male,+7 823 348 7734
572,Adan,Isgar,aisgarfv@stumbleupon.com,Male,+62 239 942 6329
573,Marielle,Fewtrell,mfewtrellfw@purevolume.com,Female,+56 516 453 3603
574,Say,Fladgate,sfladgatefx@gnu.org,Male,+48 939 831 0336
575,Yul,Pickover,ypickoverfy@google.co.jp,Male,+86 450 303 0277
576,Charin,Lehr,clehrfz@yelp.com,Female,+62 240 924 6583
577,Gabrielle,Muller,gmullerg0@storify.com,Female,+236 754 565 3424
578,Barry,Bettam,bbettamg1@discuz.net,Male,+1 462 241 6487
579,Sharona,Radford,sradfordg2@forbes.com,Female,+380 728 578 6386
580,Ado,Knightley,aknightleyg3@list-manage.com,Male,+98 766 890 7269
581,Amelie,Gillicuddy,agillicuddyg4@unblog.fr,Female,+62 983 821 4594
582,Amalle,de Savery,adesaveryg5@altervista.org,Female,+33 372 116 9686
583,Hasty,Haglinton,hhaglintong6@geocities.com,Male,+86 932 106 6358
584,Seward,Fateley,sfateleyg7@slate.com,Male,+1 743 753 1814
585,Norry,Harlowe,nharloweg8@ovh.net,Female,+33 769 590 5975
586,Jeanine,Skilling,jskillingg9@drupal.org,Female,+62 397 655 0707
587,Worden,Thairs,wthairsga@bloglovin.com,Male,+86 724 399 1400
588,Munmro,Gehringer,mgehringergb@sakura.ne.jp,Male,+54 170 562 7527
589,Marna,Napton,mnaptongc@google.com.br,Female,+62 169 171 0500
590,Gasparo,Lively,glivelygd@alibaba.com,Male,+351 313 598 9986
591,Allina,Normanvell,anormanvellge@gravatar.com,Female,+86 332 900 7535
592,Brendan,Sear,bseargf@reddit.com,Male,+63 459 911 3967
593,Marmaduke,Dell Casa,mdellcasagg@unicef.org,Male,+48 854 664 3920
594,Lolita,Shucksmith,lshucksmithgh@tuttocitta.it,Female,+63 906 392 6142
595,Malvin,Ferres,mferresgi@jugem.jp,Male,+233 724 993 5786
596,Munroe,Ferrant,mferrantgj@jimdo.com,Male,+54 787 556 9044
597,Daron,Pinner,dpinnergk@nhs.uk,Female,+55 871 680 4415
598,Robinett,Meigh,rmeighgl@hatena.ne.jp,Female,+86 724 307 1836
599,Catherina,Cosans,ccosansgm@mediafire.com,Female,+1 119 391 7354
600,Arlen,Paskins,apaskinsgn@prnewswire.com,Female,+52 937 997 6350
601,Ignaz,Sieghart,isieghartgo@newsvine.com,Male,+86 759 561 0423
602,Jaime,Nye,jnyegp@flickr.com,Male,+420 848 504 6115
603,Marlyn,Stranahan,mstranahangq@examiner.com,Female,+51 466 488 3934
604,Colet,Wreford,cwrefordgr@discuz.net,Male,+86 678 702 0973
605,Gillian,Vaisey,gvaiseygs@acquirethisname.com,Female,+86 872 761 8369
606,Kip,Wigin,kwigingt@ustream.tv,Female,+46 713 915 0519
607,Bald,Snead,bsneadgu@delicious.com,Male,+967 239 832 5040
608,Corly,Challes,cchallesgv@t-online.de,Female,+7 608 490 7121
609,Uri,Mutlow,umutlowgw@ucoz.com,Male,+57 710 374 5821
610,Addy,Dollimore,adollimoregx@miitbeian.gov.cn,Male,+381 845 678 4444
611,Hatti,Pregel,hpregelgy@accuweather.com,Female,+62 251 672 5750
612,Megan,Turnor,mturnorgz@addtoany.com,Female,+86 343 495 0174
613,Erhart,Skewis,eskewish0@foxnews.com,Male,+358 480 138 5853
614,Bron,Jandera,bjanderah1@reference.com,Male,+48 786 992 3437
615,Isacco,Whitebrook,iwhitebrookh2@xrea.com,Male,+46 825 698 5012
616,Dorothea,Anfonsi,danfonsih3@friendfeed.com,Female,+86 398 690 0927
617,Catina,MacWilliam,cmacwilliamh4@woothemes.com,Female,+86 257 817 0263
618,Avigdor,McGauhy,amcgauhyh5@google.co.jp,Male,+374 953 161 0303
619,Camille,Custed,ccustedh6@sciencedaily.com,Female,+63 694 346 9815
620,Andreana,Peegrem,apeegremh7@rediff.com,Female,+973 905 423 8755
621,Dorella,Swinden,dswindenh8@flickr.com,Female,+20 752 577 4477
622,Ashia,Brouncker,abrounckerh9@ehow.com,Female,+62 513 893 2719
623,Helga,Henworth,hhenworthha@howstuffworks.com,Female,+62 402 419 4799
624,Maridel,Lantiff,mlantiffhb@cbslocal.com,Female,+27 619 597 1299
625,Danice,Lippard,dlippardhc@shinystat.com,Female,+63 875 883 5951
626,Gerick,Bulley,gbulleyhd@theglobeandmail.com,Male,+62 971 341 2964
627,Kiersten,Smail,ksmailhe@alibaba.com,Female,+55 821 264 9843
628,Kile,Shoosmith,kshoosmithhf@youtu.be,Male,+57 822 743 0180
629,Helaine,Bugdall,hbugdallhg@webnode.com,Female,+51 621 924 5487
630,Clarine,Raleston,cralestonhh@ycombinator.com,Female,+57 772 930 9446
631,Georgy,Mation,gmationhi@who.int,Male,+977 491 111 8215
632,Eugine,Tesauro,etesaurohj@constantcontact.com,Female,+976 598 636 4515
633,Jarred,Camings,jcamingshk@hhs.gov,Male,+33 681 621 4436
634,Salomi,Arlott,sarlotthl@g.co,Female,+86 717 940 3138
635,Moll,Peacock,mpeacockhm@ted.com,Female,+62 383 917 2663
636,Paige,Josland,pjoslandhn@tmall.com,Female,+244 974 760 1110
637,Giuseppe,Bloodworth,gbloodworthho@storify.com,Male,+86 411 274 9129
638,Johnette,Broadbere,jbroadberehp@live.com,Female,+86 561 749 7672
639,Page,Ivakhno,pivakhnohq@hubpages.com,Female,+355 990 224 0682
640,Hortense,McLaren,hmclarenhr@merriam-webster.com,Female,+509 199 875 4872
641,Duffie,Habble,dhabblehs@blogger.com,Male,+20 909 807 3394
642,Leanor,Sweatman,lsweatmanht@cnet.com,Female,+1 126 657 1317
643,Nester,Wegener,nwegenerhu@guardian.co.uk,Male,+63 986 721 5265
644,Ciro,Girhard,cgirhardhv@biblegateway.com,Male,+598 198 143 1139
645,Dunn,Dacre,ddacrehw@nature.com,Male,+502 527 278 8492
646,Cloris,Bourdel,cbourdelhx@oracle.com,Female,+7 597 794 0336
647,Nevil,Bateman,nbatemanhy@alibaba.com,Male,+86 935 369 8148
648,Flory,Rraundl,frraundlhz@answers.com,Male,+81 850 614 1124
649,Shoshana,Boscott,sboscotti0@ocn.ne.jp,Female,+1 362 126 3684
650,Gunter,Reinard,greinardi1@globo.com,Male,+46 393 423 2221
651,Andrea,Hamil,ahamili2@seattletimes.com,Female,+33 555 431 1323
652,Bastien,Kirkby,bkirkbyi3@amazon.de,Male,+57 202 711 3979
653,Roberta,Martijn,rmartijni4@economist.com,Female,+55 109 987 7197
654,Hazel,De Dei,hdedeii5@free.fr,Male,+86 942 188 2991
655,Didi,Tulleth,dtullethi6@tiny.cc,Female,+7 914 957 2878
656,Jada,Bellanger,jbellangeri7@bloglovin.com,Female,+46 154 707 0599
657,Auberon,Caplan,acaplani8@etsy.com,Male,+57 738 110 9915
658,Jackelyn,Pottle,jpottlei9@indiegogo.com,Female,+86 988 313 8897
659,Dill,Frichley,dfrichleyia@nsw.gov.au,Male,+92 670 410 1061
660,Gabrila,Bibby,gbibbyib@nasa.gov,Female,+86 872 934 6504
661,Ardys,Sinnock,asinnockic@spotify.com,Female,+351 149 383 9893
662,Marguerite,Legrice,mlegriceid@dell.com,Female,+86 522 839 7111
663,Greg,McNaught,gmcnaughtie@csmonitor.com,Male,+1 946 580 6565
664,Melany,Elstob,melstobif@yandex.ru,Female,+86 581 101 0300
665,Rickey,Atter,ratterig@sakura.ne.jp,Male,+86 343 360 4206
666,Brendon,Santhouse,bsanthouseih@phpbb.com,Male,+61 380 831 2773
667,Jamaal,Northridge,jnorthridgeii@360.cn,Male,+30 416 580 7462
668,Ardella,Traite,atraiteij@globo.com,Female,+351 933 840 4454
669,Peggy,Scothorn,pscothornik@macromedia.com,Female,+7 478 664 6971
670,Vincents,Horrigan,vhorriganil@mediafire.com,Male,+86 650 810 1489
671,Dara,Maffeo,dmaffeoim@google.pl,Female,+62 342 412 9497
672,Drusilla,Borgne,dborgnein@nyu.edu,Female,+57 910 862 6826
673,Abner,Carlo,acarloio@opensource.org,Male,+81 879 478 4032
674,Cammy,Renard,crenardip@exblog.jp,Male,+351 503 789 8831
675,Boycie,Skewes,bskewesiq@wix.com,Male,+62 158 197 5585
676,Jackie,Stanex,jstanexir@businesswire.com,Male,+375 105 890 6256
677,Morna,Sprules,msprulesis@vimeo.com,Female,+387 217 897 5247
678,Yorgos,Symers,ysymersit@google.it,Male,+62 167 138 8915
679,Francesco,Edelheit,fedelheitiu@unesco.org,Male,+351 174 735 9463
680,Opaline,Whitecross,owhitecrossiv@wordpress.com,Female,+48 675 917 5147
681,Bobby,Habercham,bhaberchamiw@jimdo.com,Female,+353 763 111 2848
682,Flor,Upchurch,fupchurchix@theglobeandmail.com,Female,+86 751 571 0203
683,Claybourne,Banasiak,cbanasiakiy@blogger.com,Male,+420 700 477 6042
684,Maurie,Drance,mdranceiz@domainmarket.com,Male,+62 196 555 0550
685,Tedman,Croan,tcroanj0@alexa.com,Male,+374 674 890 5788
686,Taddeusz,MacNeachtain,tmacneachtainj1@mediafire.com,Male,+86 137 386 0537
687,Carlyle,Lugg,cluggj2@slate.com,Male,+261 951 333 5424
688,Andriana,Blann,ablannj3@census.gov,Female,+51 125 290 0744
689,Reid,Basill,rbasillj4@toplist.cz,Male,+242 268 771 7125
690,Adara,Stormonth,astormonthj5@icq.com,Female,+86 105 644 0059
691,Nikita,Darlington,ndarlingtonj6@apple.com,Male,+86 783 289 3448
692,Evonne,Marcus,emarcusj7@wsj.com,Female,+62 694 422 9489
693,Conant,de Marco,cdemarcoj8@dion.ne.jp,Male,+966 195 859 7150
694,Curtis,Breslane,cbreslanej9@sbwire.com,Male,+976 312 236 9281
695,Osbert,McAnulty,omcanultyja@hhs.gov,Male,+48 250 807 7765
696,Florie,Malbon,fmalbonjb@seesaa.net,Female,+962 455 586 3294
697,Ethelyn,Blues,ebluesjc@webeden.co.uk,Female,+502 885 537 0636
698,Brook,Demangeon,bdemangeonjd@rediff.com,Female,+502 594 303 1727
699,Barbara,Pren,bprenje@earthlink.net,Female,+967 974 898 1812
700,Gerald,Macklam,gmacklamjf@google.pl,Male,+63 611 964 9130
701,Basile,Shivlin,bshivlinjg@chicagotribune.com,Male,+46 275 395 7161
702,Merell,Whipple,mwhipplejh@china.com.cn,Male,+33 100 694 2930
703,Pip,Ranklin,pranklinji@answers.com,Male,+62 303 980 7684
704,Vikki,Carlisso,vcarlissojj@hao123.com,Female,+48 308 948 3630
705,Codie,Hannay,channayjk@dailymail.co.uk,Female,+63 411 812 4186
706,Valentijn,Stennes,vstennesjl@wordpress.org,Male,+86 479 112 8864
707,Sammy,Rendle,srendlejm@wufoo.com,Male,+62 139 457 7120
708,Giacobo,Bisacre,gbisacrejn@patch.com,Male,+976 737 770 1504
709,Gardie,Stratton,gstrattonjo@uol.com.br,Male,+46 864 958 7926
710,Godard,Andreix,gandreixjp@histats.com,Male,+62 240 531 5476
711,Keelby,Shier,kshierjq@house.gov,Male,+86 128 596 2175
712,Kent,Inchan,kinchanjr@alexa.com,Male,+63 265 386 8732
713,Nat,Veronique,nveroniquejs@is.gd,Male,+1 318 129 9858
714,Gareth,Minelli,gminellijt@chronoengine.com,Male,+57 305 840 2189
715,Neel,Hannant,nhannantju@xrea.com,Male,+62 362 182 1034
716,Madelle,Kleisle,mkleislejv@oakley.com,Female,+62 767 675 8053
717,Denise,Joutapaitis,djoutapaitisjw@about.com,Female,+86 715 273 7402
718,De,Duetsche,dduetschejx@nbcnews.com,Female,+7 745 718 0624
719,Ambrosio,Jewiss,ajewissjy@squarespace.com,Male,+7 707 798 7852
720,Meghann,Acory,macoryjz@gov.uk,Female,+351 844 916 8892
721,Modesty,Chasmar,mchasmark0@clickbank.net,Female,+48 155 687 0897
722,Melva,Kikke,mkikkek1@icio.us,Female,+46 191 660 9659
723,Moses,Hemms,mhemmsk2@altervista.org,Male,+63 113 261 5832
724,Herve,Yesinov,hyesinovk3@nih.gov,Male,+242 712 617 6301
725,Urson,Darkins,udarkinsk4@tripod.com,Male,+55 781 907 3434
726,Bunny,Helmke,bhelmkek5@sbwire.com,Female,+62 880 342 2161
727,Stephine,Bentick,sbentickk6@nydailynews.com,Female,+54 743 765 5450
728,Garvy,Stovell,gstovellk7@senate.gov,Male,+55 613 502 9505
729,Nobie,Buckthorpe,nbuckthorpek8@baidu.com,Male,+1 219 528 1091
730,Tandi,Franc,tfranck9@unblog.fr,Female,+62 167 684 0602
731,Westbrooke,Grand,wgrandka@nydailynews.com,Male,+254 577 451 1403
732,Milena,McGavigan,mmcgavigankb@angelfire.com,Female,+51 440 482 6811
733,Edee,Mobbs,emobbskc@drupal.org,Female,+86 102 974 6574
734,Jackie,Toxell,jtoxellkd@msu.edu,Female,+48 298 580 8854
735,Amaleta,Lutsch,alutschke@goodreads.com,Female,+86 744 506 0055
736,Jesselyn,Foxton,jfoxtonkf@java.com,Female,+54 214 692 5640
737,Zebulon,Sommers,zsommerskg@accuweather.com,Male,+62 419 921 8498
738,Brady,Francello,bfrancellokh@newyorker.com,Male,+86 816 609 8161
739,Saunderson,Crate,scrateki@canalblog.com,Male,+355 697 340 9899
740,Robenia,Paradine,rparadinekj@vinaora.com,Female,+86 839 911 3793
741,Sauncho,Cheeseman,scheesemankk@scientificamerican.com,Male,+351 522 248 6145
742,Isaak,Weavill,iweavillkl@bbb.org,Male,+351 843 220 2871
743,Linell,Hollyard,lhollyardkm@geocities.com,Female,+420 833 214 9178
744,Kellen,Mityakov,kmityakovkn@jimdo.com,Male,+63 699 705 3013
745,Cristy,Massie,cmassieko@sakura.ne.jp,Female,+64 977 633 4229
746,Fina,Blodgetts,fblodgettskp@cnbc.com,Female,+598 723 772 7732
747,Devon,Wyper,dwyperkq@rambler.ru,Female,+55 491 972 0320
748,Biron,Arlow,barlowkr@msn.com,Male,+86 774 753 5271
749,Neala,Dunrige,ndunrigeks@dmoz.org,Female,+62 357 200 8391
750,Bernice,Stodit,bstoditkt@marriott.com,Female,+62 418 243 7674
751,Perceval,Lanchbery,planchberyku@hostgator.com,Male,+261 271 336 5985
752,Marybelle,Berre,mberrekv@ning.com,Female,+62 738 406 5635
753,Moise,Seabrook,mseabrookkw@myspace.com,Male,+55 955 604 1096
754,Emelda,Kalinowsky,ekalinowskykx@theglobeandmail.com,Female,+86 944 622 6530
755,Edvard,Ruskin,eruskinky@tripadvisor.com,Male,+60 395 849 1144
756,Nora,Rawood,nrawoodkz@adobe.com,Female,+237 587 421 1116
757,Tymothy,Kinder,tkinderl0@icq.com,Male,+507 131 559 7786
758,Rosemonde,Mintram,rmintraml1@furl.net,Female,+250 869 173 4883
759,Jefferey,Regus,jregusl2@aboutads.info,Male,+359 139 419 7021
760,Neall,Swallow,nswallowl3@uiuc.edu,Male,+48 491 293 7144
761,Levy,Loney,lloneyl4@oakley.com,Male,+55 945 837 3440
762,Kamila,Mellmer,kmellmerl5@blogs.com,Female,+54 923 255 5490
763,Sebastian,Hutt,shuttl6@nationalgeographic.com,Male,+86 268 916 0377
764,Korney,Kench,kkenchl7@princeton.edu,Female,+1 803 182 3718
765,Grady,Melmeth,gmelmethl8@rakuten.co.jp,Male,+57 354 900 1815
766,Liza,Urian,lurianl9@simplemachines.org,Female,+1 164 835 1805
767,See,Kettoe,skettoela@jimdo.com,Male,+63 101 700 9448
768,Constantino,Geaves,cgeaveslb@usatoday.com,Male,+62 689 730 7408
769,Margit,Cheyenne,mcheyennelc@yellowpages.com,Female,+63 328 320 5264
770,Carmella,Swindell,cswindellld@dell.com,Female,+86 771 571 0634
771,Karena,Ladell,kladellle@cornell.edu,Female,+86 131 994 2217
772,Ulberto,Tatchell,utatchelllf@google.fr,Male,+30 629 107 5884
773,Ingram,Snalum,isnalumlg@cnbc.com,Male,+27 636 121 3285
774,Claresta,Leiden,cleidenlh@kickstarter.com,Female,+63 973 909 5326
775,Archibaldo,Clist,aclistli@unesco.org,Male,+86 467 944 1550
776,Letta,Blenkinsopp,lblenkinsopplj@mysql.com,Female,+507 368 449 8134
777,Farly,Zannolli,fzannollilk@360.cn,Male,+86 187 585 4984
778,Halimeda,Birtwell,hbirtwellll@yellowbook.com,Female,+33 871 522 4436
779,Reinaldos,Petrak,rpetraklm@devhub.com,Male,+86 381 919 7760
780,Bethena,Dudlestone,bdudlestoneln@berkeley.edu,Female,+351 149 589 0423
781,Ike,Van Leijs,ivanleijslo@columbia.edu,Male,+1 628 633 5110
782,Homere,Motherwell,hmotherwelllp@auda.org.au,Male,+86 101 417 1989
783,Lion,Attwoul,lattwoullq@narod.ru,Male,+62 750 540 7103
784,Arny,Bettanay,abettanaylr@sbwire.com,Male,+255 415 905 9063
785,Flor,McIlvenna,fmcilvennals@cyberchimps.com,Female,+227 715 730 8206
786,Anet,Rosthorn,arosthornlt@indiatimes.com,Female,+54 125 862 7801
787,Miriam,Pringle,mpringlelu@bloglovin.com,Female,+86 474 135 0419
788,Lynnet,Essberger,lessbergerlv@tamu.edu,Female,+86 541 676 9950
789,Hortensia,Cotterell,hcotterelllw@comcast.net,Female,+261 133 116 5545
790,Niko,Bearsmore,nbearsmorelx@google.com.au,Male,+1 704 601 4432
791,Max,Cafferky,mcafferkyly@thetimes.co.uk,Male,+7 480 343 6158
792,Ansley,Sturzaker,asturzakerlz@weather.com,Female,+591 164 908 9379
793,Deeanne,Lumsden,dlumsdenm0@wufoo.com,Female,+55 753 235 1006
794,Nan,Pibsworth,npibsworthm1@friendfeed.com,Female,+223 817 824 5772
795,Goober,Goggins,ggogginsm2@nytimes.com,Male,+1 256 881 2442
796,Laurie,Stealfox,lstealfoxm3@cloudflare.com,Male,+66 109 899 4903
797,Emerson,Kingsly,ekingslym4@senate.gov,Male,+351 845 874 8238
798,Ephraim,Mitcham,emitchamm5@statcounter.com,Male,+7 167 760 9389
799,Pepito,Eastbrook,peastbrookm6@example.com,Male,+351 525 651 8244
800,Perry,Harryman,pharrymanm7@statcounter.com,Female,+7 612 631 3135
801,Trevar,Ever,teverm8@smh.com.au,Male,+81 412 152 9375
802,Mikel,Spaight,mspaightm9@rambler.ru,Male,+48 452 192 3953
803,Rob,Cocking,rcockingma@cbc.ca,Male,+48 281 990 3218
804,Ashlie,Shirtliff,ashirtliffmb@hubpages.com,Female,+86 188 469 2707
805,Fan,Kears,fkearsmc@myspace.com,Female,+94 437 348 3811
806,Shay,Manthorpe,smanthorpemd@skype.com,Male,+51 965 928 1891
807,Cam,Blondell,cblondellme@symantec.com,Female,+33 484 717 4431
808,Rolf,Kupke,rkupkemf@opera.com,Male,+62 584 194 1069
809,Dacia,Kohneke,dkohnekemg@posterous.com,Female,+7 195 487 0310
810,Greer,Bonnefin,gbonnefinmh@disqus.com,Female,+7 734 280 2589
811,Boris,Riseam,briseammi@wikispaces.com,Male,+234 444 734 3530
812,Bernard,Fortnam,bfortnammj@nbcnews.com,Male,+57 894 520 4781
813,Nahum,Oakton,noaktonmk@nyu.edu,Male,+62 317 411 2473
814,Spence,Grealish,sgrealishml@baidu.com,Male,+380 219 391 5579
815,Berta,Wiles,bwilesmm@sakura.ne.jp,Female,+62 137 467 0873
816,Shanda,Sanger,ssangermn@icq.com,Female,+62 557 981 2200
817,Steffi,Stonham,sstonhammo@va.gov,Female,+86 118 649 9598
818,Shirlene,Landman,slandmanmp@bluehost.com,Female,+62 535 506 9460
819,Maudie,Godley,mgodleymq@seesaa.net,Female,+86 153 339 9977
820,Linus,Hutchence,lhutchencemr@google.co.jp,Male,+86 478 795 0989
821,Melisse,Cottom,mcottomms@feedburner.com,Female,+53 892 855 1633
822,Eunice,Bramwell,ebramwellmt@nhs.uk,Female,+62 871 529 5104
823,Binky,Lambal,blambalmu@msn.com,Male,+62 789 331 5900
824,Elissa,Walczynski,ewalczynskimv@nifty.com,Female,+86 329 295 2102
825,Arthur,Alster,aalstermw@liveinternet.ru,Male,+62 410 612 2845
826,Markos,Dumbrall,mdumbrallmx@oaic.gov.au,Male,+84 303 302 9207
827,Tedda,Spoerl,tspoerlmy@engadget.com,Female,+249 135 798 9693
828,Alfreda,Littlefield,alittlefieldmz@wikimedia.org,Female,+1 312 575 0991
829,Hope,Ablett,hablettn0@angelfire.com,Female,+225 608 706 6829
830,Sauncho,Hastie,shastien1@ovh.net,Male,+62 429 962 5808
831,Ibrahim,Ivett,iivettn2@xinhuanet.com,Male,+84 403 655 9268
832,Xylia,Braiden,xbraidenn3@live.com,Female,+62 623 594 4170
833,Robinet,Lackeye,rlackeyen4@washington.edu,Male,+55 977 750 9899
834,Justis,Fetteplace,jfetteplacen5@samsung.com,Male,+54 809 902 2942
835,Janine,Wildbore,jwildboren6@shinystat.com,Female,+420 227 384 3518
836,Dewitt,Powdrill,dpowdrilln7@google.co.jp,Male,+62 140 921 2994
837,Rosella,McDowall,rmcdowalln8@cbsnews.com,Female,+966 721 295 5237
838,Prudi,Dikelin,pdikelinn9@angelfire.com,Female,+81 651 458 2609
839,Jerrine,Gradly,jgradlyna@netvibes.com,Female,+62 946 906 8477
840,Alessandra,De Cristoforo,adecristoforonb@slashdot.org,Female,+359 547 753 0618
841,Cookie,Crewe,ccrewenc@cpanel.net,Female,+380 471 661 9247
842,Frederico,Rewcassell,frewcassellnd@indiatimes.com,Male,+86 630 670 9037
843,Clyde,Costain,ccostainne@baidu.com,Male,+31 933 496 6099
844,Ardath,Maraga,amaraganf@lulu.com,Female,+86 275 240 1156
845,Donalt,Errowe,derroweng@msu.edu,Male,+62 631 992 2768
846,Anabal,Lorrie,alorrienh@arizona.edu,Female,+86 595 700 8408
847,Pat,Marchand,pmarchandni@blogs.com,Female,+86 957 145 0658
848,Filberto,Erb,ferbnj@networksolutions.com,Male,+7 459 827 6852
849,Maurizia,Heazel,mheazelnk@is.gd,Female,+86 372 615 6878
850,Lexy,Woolpert,lwoolpertnl@yellowbook.com,Female,+27 989 691 3599
851,Nanete,Minillo,nminillonm@google.fr,Female,+46 270 384 4028
852,Hirsch,Jore,hjorenn@addtoany.com,Male,+62 223 195 7720
853,Mandie,Bugdale,mbugdaleno@timesonline.co.uk,Female,+63 474 861 1220
854,Cordell,Milington,cmilingtonnp@naver.com,Male,+241 199 239 5905
855,Rubia,Lukasik,rlukasiknq@china.com.cn,Female,+62 489 518 1837
856,Tedda,Karys,tkarysnr@ycombinator.com,Female,+62 261 487 5594
857,Rodolfo,Folkard,rfolkardns@google.com.br,Male,+226 589 382 6032
858,Rozella,Palfreman,rpalfremannt@sakura.ne.jp,Female,+62 865 612 8324
859,Ricard,Churchouse,rchurchousenu@360.cn,Male,+82 440 242 2289
860,Yasmin,Moukes,ymoukesnv@gravatar.com,Female,+63 736 129 1018
861,Arlyn,Botton,abottonnw@miitbeian.gov.cn,Female,+63 997 261 0388
862,Cleveland,Klimkowski,cklimkowskinx@google.de,Male,+57 496 936 7386
863,Nikola,Urion,nurionny@marketwatch.com,Male,+27 740 474 5235
864,Gordie,Rannald,grannaldnz@rambler.ru,Male,+33 810 324 1386
865,Shina,Maciaszek,smaciaszeko0@examiner.com,Female,+63 681 619 9636
866,Gilemette,Mattiato,gmattiatoo1@bloglovin.com,Female,+994 248 924 9843
867,Ruthanne,Prettyjohns,rprettyjohnso2@ft.com,Female,+62 212 673 0827
868,Nola,Broker,nbrokero3@ycombinator.com,Female,+257 965 533 5923
869,Eloisa,Backson,ebacksono4@eepurl.com,Female,+55 119 843 4148
870,Zia,Micco,zmiccoo5@a8.net,Female,+84 400 309 2257
871,Delinda,Pratty,dprattyo6@hatena.ne.jp,Female,+86 768 237 6499
872,Neal,de Leon,ndeleono7@hud.gov,Male,+55 858 712 2232
873,Ursuline,Abrahamson,uabrahamsono8@ft.com,Female,+60 202 433 4893
874,Gweneth,Putnam,gputnamo9@sakura.ne.jp,Female,+63 182 563 4469
875,Nathan,Hannigane,nhanniganeoa@google.com.hk,Male,+7 925 578 9541
876,Dasi,Goodwyn,dgoodwynob@businesswire.com,Female,+86 640 812 8069
877,Keven,Griffithe,kgriffitheoc@washington.edu,Male,+57 226 373 7296
878,Barde,Meiklejohn,bmeiklejohnod@unicef.org,Male,+1 126 970 4564
879,Stearne,Jozef,sjozefoe@mail.ru,Male,+86 832 893 1508
880,Marty,Harwell,mharwellof@redcross.org,Female,+62 585 958 6351
881,Cari,Setter,csetterog@fc2.com,Female,+1 301 373 6588
882,Steffen,Aime,saimeoh@earthlink.net,Male,+46 871 386 4064
883,Grazia,Drinkhall,gdrinkhalloi@ow.ly,Female,+63 367 122 5937
884,Dalli,Houlison,dhoulisonoj@smugmug.com,Male,+389 850 822 9466
885,Shaine,Lamberton,slambertonok@cdc.gov,Male,+84 232 260 2372
886,Pam,Kay,pkayol@mysql.com,Female,+7 394 928 3912
887,Letti,Garham,lgarhamom@blogtalkradio.com,Female,+81 775 831 1837
888,Olenolin,Bunt,obunton@opera.com,Male,+242 175 515 2245
889,Sherwin,MacCrachen,smaccrachenoo@indiatimes.com,Male,+227 343 865 3361
890,Mandel,Kall,mkallop@google.co.uk,Male,+86 989 409 7806
891,Catherina,Elmore,celmoreoq@yellowpages.com,Female,+86 727 980 3088
892,Sutton,Goroni,sgoronior@naver.com,Male,+502 586 424 9650
893,Dulciana,Corde,dcordeos@pen.io,Female,+380 588 100 8999
894,Seana,Malby,smalbyot@lycos.com,Female,+62 111 586 5958
895,Dorian,Terrans,dterransou@globo.com,Male,+62 222 874 7595
896,Cherilyn,Brosch,cbroschov@state.gov,Female,+7 936 889 8624
897,Sheree,Snel,ssnelow@kickstarter.com,Female,+86 582 701 6385
898,Lita,Mulcock,lmulcockox@surveymonkey.com,Female,+62 404 858 4159
899,Martguerita,Ivanitsa,mivanitsaoy@examiner.com,Female,+212 993 545 9808
900,Annis,Merrikin,amerrikinoz@reference.com,Female,+63 196 282 1867
901,Imojean,Pleven,iplevenp0@soundcloud.com,Female,+55 634 774 9947
902,Annadiana,Sissland,asisslandp1@nhs.uk,Female,+86 691 934 6926
903,Andros,Bayman,abaymanp2@omniture.com,Male,+49 831 664 6735
904,Che,Fiske,cfiskep3@cornell.edu,Male,+86 588 410 9075
905,Dorelia,Sandbrook,dsandbrookp4@jugem.jp,Female,+86 946 116 8453
906,Conway,Gumm,cgummp5@tamu.edu,Male,+98 562 718 1379
907,Darryl,Pancoust,dpancoustp6@pbs.org,Female,+591 556 551 2822
908,Rufe,Aspinell,raspinellp7@slashdot.org,Male,+257 438 521 2717
909,Tasha,Ganter,tganterp8@seattletimes.com,Female,+57 687 620 0938
910,Crista,MacQueen,cmacqueenp9@mediafire.com,Female,+1 790 895 5147
911,Travus,Vicary,tvicarypa@comsenz.com,Male,+33 478 431 7999
912,Corbin,Wallworth,cwallworthpb@amazon.com,Male,+351 475 806 8831
913,Norina,Budgen,nbudgenpc@nih.gov,Female,+93 120 647 4562
914,Debee,Fitchen,dfitchenpd@nps.gov,Female,+976 526 331 0108
915,Dorie,Francois,dfrancoispe@umn.edu,Female,+62 970 154 2431
916,Cheston,Duckels,cduckelspf@quantcast.com,Male,+7 324 515 1982
917,Marilin,Eller,mellerpg@oracle.com,Female,+7 555 104 2524
918,Edeline,Gwillyam,egwillyamph@sitemeter.com,Female,+255 278 730 3974
919,Abner,De Winton,adewintonpi@netlog.com,Male,+86 363 168 5001
920,Elyn,Djurisic,edjurisicpj@gizmodo.com,Female,+52 312 901 5820
921,Trixi,Cornilleau,tcornilleaupk@vimeo.com,Female,+507 113 329 2032
922,Henriette,Shannon,hshannonpl@comcast.net,Female,+351 662 871 3343
923,Hamlin,MacLure,hmaclurepm@unicef.org,Male,+351 149 986 4395
924,Israel,Bettesworth,ibettesworthpn@usnews.com,Male,+1 443 858 5433
925,Maude,Thorneloe,mthorneloepo@people.com.cn,Female,+355 842 120 5744
926,Chere,Shergold,cshergoldpp@cbslocal.com,Female,+62 465 479 3130
927,Morris,Buckell,mbuckellpq@youku.com,Male,+48 927 288 0169
928,Jefferey,Bate,jbatepr@abc.net.au,Male,+7 828 605 1332
929,Yettie,Caulcutt,ycaulcuttps@hatena.ne.jp,Female,+62 881 698 7297
930,Yorgos,Le Barr,ylebarrpt@smugmug.com,Male,+86 147 610 8309
931,Isidro,Lowless,ilowlesspu@123-reg.co.uk,Male,+880 554 410 6598
932,Davine,Longson,dlongsonpv@house.gov,Female,+63 975 928 5222
933,Dominick,MacClay,dmacclaypw@gov.uk,Male,+7 452 209 5081
934,Jewell,Siggin,jsigginpx@smugmug.com,Female,+63 855 403 2699
935,Umeko,Kilbane,ukilbanepy@wufoo.com,Female,+234 311 492 7737
936,Katherine,McKeady,kmckeadypz@acquirethisname.com,Female,+353 213 840 6085
937,Gusella,Paddingdon,gpaddingdonq0@cisco.com,Female,+33 912 532 1118
938,Fitz,Woolham,fwoolhamq1@yahoo.co.jp,Male,+84 855 742 4897
939,Meredithe,Milley,mmilleyq2@photobucket.com,Female,+7 286 738 0513
940,Duky,Abade,dabadeq3@bandcamp.com,Male,+86 346 315 3077
941,Bartolemo,Burgise,bburgiseq4@bloglines.com,Male,+55 935 397 8965
942,Hugues,Davidovicz,hdavidoviczq5@reddit.com,Male,+30 226 657 6794
943,Ancell,Canedo,acanedoq6@bbc.co.uk,Male,+62 967 518 2360
944,Tremaine,Stenhouse,tstenhouseq7@seattletimes.com,Male,+63 768 939 9839
945,Igor,Doody,idoodyq8@bizjournals.com,Male,+351 931 386 6109
946,Mae,Lorek,mlorekq9@cam.ac.uk,Female,+62 402 343 8477
947,Ashien,Farfull,afarfullqa@qq.com,Female,+234 203 122 7375
948,Rickard,Lapenna,rlapennaqb@artisteer.com,Male,+420 612 138 1472
949,Daisy,Stilling,dstillingqc@dell.com,Female,+7 849 875 6532
950,Osborn,Norkett,onorkettqd@lycos.com,Male,+7 996 640 8601
951,Eugen,Aylin,eaylinqe@hp.com,Male,+963 194 828 1705
952,Tanya,McVitty,tmcvittyqf@miibeian.gov.cn,Female,+86 127 913 8988
953,Petronilla,Brouwer,pbrouwerqg@cyberchimps.com,Female,+7 179 692 1084
954,Daisey,Mahon,dmahonqh@mac.com,Female,+86 800 287 5256
955,Jocelyne,Tyndall,jtyndallqi@wikispaces.com,Female,+62 682 575 5253
956,Isadora,Longland,ilonglandqj@blogtalkradio.com,Female,+375 837 661 4754
957,Myrtle,Wallhead,mwallheadqk@dropbox.com,Female,+33 980 971 2093
958,Opaline,Barenskie,obarenskieql@constantcontact.com,Female,+54 237 407 8808
959,Oliy,Swidenbank,oswidenbankqm@joomla.org,Female,+385 660 299 7052
960,Cacilia,Grendon,cgrendonqn@nhs.uk,Female,+509 568 543 0171
961,Ofelia,Stair,ostairqo@smugmug.com,Female,+86 310 886 0098
962,Dom,Hartmann,dhartmannqp@weibo.com,Male,+86 703 593 6702
963,Dagny,Matous,dmatousqq@qq.com,Male,+1 440 766 1799
964,Smitty,Elland,sellandqr@istockphoto.com,Male,+86 110 640 8863
965,Winnie,Huxton,whuxtonqs@google.ca,Male,+48 796 838 2545
966,Weylin,Chowne,wchowneqt@trellian.com,Male,+1 351 639 1591
967,Linc,Ferentz,lferentzqu@theguardian.com,Male,+66 738 551 8417
968,Perl,Cleator,pcleatorqv@sfgate.com,Female,+64 436 212 9867
969,Bethina,Roddan,broddanqw@hugedomains.com,Female,+375 386 176 4952
970,Errol,Krystek,ekrystekqx@blogger.com,Male,+232 974 630 5191
971,Tory,Chaperlin,tchaperlinqy@moonfruit.com,Female,+48 910 428 5376
972,Miguela,Sikorski,msikorskiqz@123-reg.co.uk,Female,+7 704 868 8736
973,Kristian,Day,kdayr0@ebay.co.uk,Male,+86 983 835 3239
974,Garfield,Layton,glaytonr1@ftc.gov,Male,+62 432 553 4858
975,Kristoforo,Boyett,kboyettr2@nps.gov,Male,+62 539 142 0962
976,Bing,Shearwood,bshearwoodr3@comsenz.com,Male,+55 577 360 0716
977,Bren,Trowill,btrowillr4@i2i.jp,Female,+86 217 724 3934
978,Neely,Quincee,nquinceer5@jugem.jp,Female,+62 826 478 1194
979,Stanislaw,Eastop,seastopr6@jugem.jp,Male,+374 166 934 3254
980,Reuven,Alenichev,ralenichevr7@icio.us,Male,+691 615 395 6369
981,Costanza,Oak,coakr8@youtu.be,Female,+7 168 570 7464
982,Pru,Clemanceau,pclemanceaur9@cocolog-nifty.com,Female,+63 824 395 1546
983,Celinka,Grills,cgrillsra@sourceforge.net,Female,+86 184 690 9717
984,Blayne,Bosman,bbosmanrb@multiply.com,Male,+970 514 920 4530
985,Hershel,Dungey,hdungeyrc@intel.com,Male,+81 484 807 4026
986,Welch,Cumming,wcummingrd@mac.com,Male,+381 179 892 4293
987,Alvis,Benedict,abenedictre@skype.com,Male,+234 202 694 5197
988,Chrysler,Purcell,cpurcellrf@cam.ac.uk,Female,+62 266 863 3272
989,Maressa,Blazy,mblazyrg@globo.com,Female,+62 771 546 0153
990,Felix,Willoway,fwillowayrh@europa.eu,Male,+232 831 532 3847
991,Ty,Lopez,tlopezri@wikimedia.org,Male,+86 609 852 5498
992,Dorice,Theyer,dtheyerrj@com.com,Female,+62 863 262 1197
993,Derwin,Treharne,dtreharnerk@xing.com,Male,+62 103 261 9592
994,Natal,Sedworth,nsedworthrl@house.gov,Male,+62 351 795 2577
995,Erich,Siward,esiwardrm@omniture.com,Male,+86 928 586 1153
996,Paolo,Wignall,pwignallrn@ycombinator.com,Male,+62 987 927 4595
997,Roscoe,Gilphillan,rgilphillanro@upenn.edu,Male,+992 337 104 1027
998,Muire,Flack,mflackrp@webeden.co.uk,Female,+1 951 176 8560
999,Lucila,Midden,lmiddenrq@army.mil,Female,+212 881 927 1399
1000,Erastus,Godehard.sf,egodehardsfrr@spotify.com,Male,+86 274 530 9599
